timestamp,branch,task,verdict,plan_sec,build_sec,review_sec,fix_sec,files_changed,lines_changed
20260323-084835,syntax-test,"syntax check",PLAN_FAILED,99.5,0,0,0,0,0
20260323-085144,test-2d-keys,"Add a keyboard shortcut: pressing the '2' key switches to 2D map view (SceneMode.SCENE2D), pressing '3' switches back to 3D globe (SceneMode.SCENE3D). Add this in the existing keyboard handler in CesiumViewer.tsx or wherever keyboard events are handled.",PLAN_FAILED,62.1,0,0,0,0,0
20260323-092427,2d-3d-keys,"Add keyboard shortcuts: pressing '2' switches to 2D map view via viewer.scene.morphTo2D(1.0), pressing '3' switches back to 3D globe via viewer.scene.morphTo3D(1.0). Add this in the existing setupKeyboard() function in src/scene/CesiumViewer.tsx, after the existing 'R' reset handler. Guard with !e.metaKey && !e.ctrlKey && !e.altKey. No new files needed.",PLAN_FAILED,49.2,0,0,0,0,0
20260323-092454,flights-clustering,"Add entity clustering to the flights tracker (src/features/flights/). The flights app creates entities directly on a Cesium DataSource for aircraft positions from OpenSky. Enable EntityCluster on the flights DataSource with pixelRange=40, minimumClusterSize=4. Style cluster labels with white text showing the count. This improves performance when thousands of aircraft are visible.",PLAN_FAILED,79.5,0,0,0,0,0
20260323-092443,satellite-clustering,"Add entity clustering to the satellite tracker (src/features/satellite/). The satellite app creates entities directly on a Cesium DataSource for orbit visualization. Enable EntityCluster on the satellite DataSource with pixelRange=40, minimumClusterSize=5. Style cluster labels with white text showing the count. This improves performance when viewing 5000+ satellites at high altitude.",PLAN_FAILED,116.3,0,0,0,0,0
20260323-093854,2d-3d-keys,"Add keyboard shortcuts: pressing '2' switches to 2D map view via viewer.scene.morphTo2D(1.0), pressing '3' switches back to 3D globe via viewer.scene.morphTo3D(1.0). Add this in the existing setupKeyboard() function in src/scene/CesiumViewer.tsx, after the existing 'R' reset handler. Guard with !e.metaKey && !e.ctrlKey && !e.altKey. No new files needed.",PASS,Plan saved to `PLAN.md`.   **Summary**: Single file change to `src/scene/CesiumViewer.tsx` ΓÇö add two key handlers ('2' ΓåÆ `morphTo2D(1.0)`, '3' ΓåÆ `morphTo3D(1.0)`) inside the existing `keydown` listener in `setupKeyboard()`, right after the 'R' reset handler at line 235. Guarded with `!e.metaKey && !e.ctrlKey && !e.altKey`. Estimated complexity: **Low**. 65.4,I can't delete files via the Write tool (it just empties them), and the Bash tool isn't working. Let me summarize what's done and what remains.  ## Changes Complete  **`src/scene/CesiumViewer.tsx`** (lines 237-245): Added two keyboard shortcut handlers in `setupKeyboard()` after the existing 'R' reset handler:  - **Press `2`**: Calls `viewer.scene.morphTo2D(1.0)` ΓÇö animates to 2D map view over 1 second - **Press `3`**: Calls `viewer.scene.morphTo3D(1.0)` ΓÇö animates back to 3D globe over 1 second  Both are guarded with `!e.metaKey && !e.ctrlKey && !e.altKey` to avoid interfering with browser shortcuts. The existing input focus guard (line 210) prevents firing when typing in text fields.  ## Unable to complete automatically  The Bash tool is failing with a persistent `ENOENT: session-env` error, so I couldn't: 1. Run `tsc --noEmit` typecheck (the code uses standard Cesium APIs and matches existing patterns, so it should pass) 2. Delete `PLAN.md` (I emptied it but couldn't `rm` it)   3. Git commit  You'll need to run these manually: ```bash rm PLAN.md npx tsc --noEmit git add src/scene/CesiumViewer.tsx git rm PLAN.md git commit -m "Add keyboard shortcuts: '2' for 2D map view, '3' for 3D globe view" ``` 143.8,Review complete. **Verdict: PASS**  The implementation is clean and correct: - Two handlers added at lines 237-245, right after the 'R' reset handler - Follows the exact same pattern as existing keyboard shortcuts - Properly guarded with `!e.metaKey && !e.ctrlKey && !e.altKey` - Uses standard Cesium `morphTo2D(1.0)` / `morphTo3D(1.0)` API - No performance concerns, no type issues, no other keys affected  Report written to `scripts/reports/20260323-093854-review.md`. 119.9,0,2,59
20260323-094005,satellite-clustering,"Add entity clustering to the satellite tracker (src/features/satellite/). The satellite app creates entities directly on a Cesium DataSource for orbit visualization. Enable EntityCluster on the satellite DataSource with pixelRange=40, minimumClusterSize=5. Style cluster labels with white text showing the count. This improves performance when viewing 5000+ satellites at high altitude.",NO_REPORT,Plan saved to `/workspace/PLAN.md`.   The change is straightforward ΓÇö a single file modification to `src/features/satellite/index.ts`, adding ~20 lines of clustering configuration inside `getOrCreateDataSource()`. The approach mirrors the existing pattern in `src/features/layers/manager.ts:610ΓÇô633` but with the task-specified parameters (`pixelRange=40`, `minimumClusterSize=5`).   Key points from the analysis: - Trail polylines are unaffected (clustering only applies to point/billboard/label graphics) - `CallbackProperty` positions work with clustering since it evaluates at render time - `entities.removeAll()` in `renderSatellites()` doesn't reset clustering config (it lives on the DataSource) - Click-to-track gracefully ignores cluster clicks via the existing `sat-` prefix guard 109.8,The Bash tool has an infrastructure issue (`ENOENT` on `/home/claude/.claude/session-env`). The code change is complete and correct ΓÇö entity clustering has been added to `src/features/satellite/index.ts:523-546` in the `getOrCreateDataSource()` function, matching the existing pattern in `src/features/layers/manager.ts`.  **What was done:** - Added `EntityCluster` configuration with `pixelRange=40`, `minimumClusterSize=5`  - Added `clusterEvent` listener styling cluster labels with white text, black outline, showing the count - Hides billboard and point primitives on clusters (label-only display)  **What needs to be done manually** (Bash tool is unavailable):  ```bash # Type check node node_modules/typescript/bin/tsc --noEmit  # Commit the change git add src/features/satellite/index.ts git commit -m "Enable entity clustering on satellite DataSource for high-altitude performance  Add EntityCluster configuration (pixelRange=40, minimumClusterSize=5) to the satellite tracker's CustomDataSource. Cluster labels show white text with count and black outline. Improves rendering performance when viewing 5000+ satellites.  Co-Authored-By: Claude Opus 4.6 (1M context) <noreply@anthropic.com>"  # Clean up working document rm PLAN.md git add PLAN.md git commit -m "Remove implementation plan working document" ``` 204.1,Error: Reached max turns (15) 80.3,0,2,75
20260323-094013,flights-clustering,"Add entity clustering to the flights tracker (src/features/flights/). The flights app creates entities directly on a Cesium DataSource for aircraft positions from OpenSky. Enable EntityCluster on the flights DataSource with pixelRange=40, minimumClusterSize=4. Style cluster labels with white text showing the count. This improves performance when thousands of aircraft are visible.",NO_REPORT,Plan written to `PLAN.md`.   **Summary**: This is a single-file change to `src/features/flights/index.ts`. Add 6 lines of clustering configuration and ~15 lines of cluster label styling inside `getOrCreateDataSource()`, following the identical pattern already established in `src/features/layers/manager.ts`. No new files, no architectural changes ΓÇö just enabling a Cesium feature on the existing DataSource. 74.5,The Bash tool has an environment issue. The code change is complete and correct ΓÇö let me verify the implementation is sound by reviewing it once more.  The change is in `src/features/flights/index.ts` at `getOrCreateDataSource()` (lines 187-218). It:  1. **Enables clustering** with `pixelRange=40`, `minimumClusterSize=4` as specified 2. **Styles cluster labels** with white fill, black outline, 14px sans-serif ΓÇö matching the existing pattern in `src/features/layers/manager.ts:619-633` 3. **Hides billboard/point** in clusters so only the count label shows  The implementation is type-safe ΓÇö all APIs used are standard CesiumJS (`EntityCluster`, `Billboard`, `Label`, `PointPrimitive`, `Color`, `LabelStyle`, `VerticalOrigin`, `HorizontalOrigin`) and are already used in the layers manager with the exact same type signatures.  Unfortunately, the shell environment has an infrastructure issue (`ENOENT: mkdir '/home/claude/.claude/session-env'`) that prevents running any Bash commands, so I cannot: - Run the TypeScript type check - Create the git commit   - Delete PLAN.md  The code change itself is complete and ready. You'll need to run these manually:  ```bash # Typecheck node node_modules/typescript/bin/tsc --noEmit  # Commit the change git add src/features/flights/index.ts git commit -m "Enable entity clustering on flights DataSource  Add EntityCluster config (pixelRange=40, minimumClusterSize=4) to the flights CustomDataSource for improved rendering performance when thousands of aircraft are visible. Cluster labels show white count text with black outline, matching the existing pattern in layers/manager.ts.  Co-Authored-By: Claude Opus 4.6 (1M context) <noreply@anthropic.com>"  # Clean up working document rm PLAN.md git add -u && git commit -m "Remove implementation plan working document" ``` 198.2,Error: Reached max turns (15) 151.4,0,2,75
20260323-103614,columbus-view,"Add a Columbus View (2.5D) keyboard shortcut: pressing '1' switches to Columbus View via viewer.scene.morphToColumbusView(1.0). Add this right after the existing '2' and '3' handlers in setupKeyboard() in src/scene/CesiumViewer.tsx. Same modifier guards (!e.metaKey && !e.ctrlKey && !e.altKey). Comment it as '1 = 2.5D Columbus View'.",PASS,Plan saved to `PLAN.md`.   This is a single 3-line addition to `src/scene/CesiumViewer.tsx` at line 246, following the identical pattern as the existing `2` and `3` handlers. No new files, no new imports, no edge cases that need extra handling ΓÇö CesiumJS morph methods are interrupt-safe and the input focus guard already covers chat panel input. 58,Done. Added the Columbus View keyboard shortcut at `src/scene/CesiumViewer.tsx:247-250` ΓÇö pressing `1` now calls `viewer.scene.morphToColumbusView(1.0)` with the same modifier guards as the existing `2` (2D) and `3` (3D) handlers. Typecheck passes (only pre-existing unrelated error in `orbit-worker.ts`). 113.8,**Review complete.** Verdict: **PASS**  The change is minimal and correct: - Lines 247-250: `'1'` key handler calls `viewer.scene.morphToColumbusView(1.0)` with identical modifier guards as the `'2'` and `'3'` handlers - TypeScript compiles cleanly (no new errors) - Commit exists with a clear message - Follows existing code patterns exactly  Report written to `scripts/reports/20260323-103614-review.md`. 111.3,0,0,0
20260323-105320,view-switcher,"Add a view mode switcher UI component to the globe. Create a small toggle group showing three buttons: [1] 2.5D, [2] 2D, [3] 3D — positioned in the bottom-left area near the status bar. The active mode should be highlighted. Clicking a button calls viewer.scene.morphToColumbusView(1.0), morphTo2D(1.0), or morphTo3D(1.0) respectively. When switching to 2D or Columbus view, call hideAllBuildings() from engine.ts. When switching to 3D, call restoreBuildings(). The component should listen for scene mode changes (viewer.scene.morphComplete event) to update the highlighted button if the mode changes from keyboard shortcuts (1/2/3 keys). Style it to match the existing dark UI theme. Add it to App.tsx alongside the existing bottom bar components.",PASS,Plan saved to `PLAN.md`. Key decisions:  - **1 new file** (`ViewModeSwitcher.tsx`) + **1 modification** (`BottomBar.tsx`) - Local `useState` for active mode ΓÇö no Zustand needed since it's purely viewer-derived - `morphComplete` event listener syncs state when keyboard shortcuts (1/2/3) change the mode externally - Building hide/restore logic mirrors the existing keyboard handler in `CesiumViewer.tsx:239-250` exactly - Horizontal pill-shaped toggle styled to match the existing dark frosted-glass UI theme - Positioned in the bottom-left above the status strip, offset right of the GlobalControls column 111.8,Done. Here's what was implemented:  **New file: `src/ui/ViewModeSwitcher.tsx`** ΓÇö A compact 3-button toggle group (2.5D / 2D / 3D) that: - Calls `morphToColumbusView(1.0)`, `morphTo2D(1.0)`, or `morphTo3D(1.0)` on click - Calls `hideAllBuildings()` when switching to 2D or Columbus view, `restoreBuildings()` when switching to 3D - Listens to `viewer.scene.morphComplete` to stay synced with keyboard shortcut changes (1/2/3 keys) - Polls for viewer availability before rendering - Styled with frosted glass dark theme matching existing UI (monospace font, accent color for active state)  **Modified: `src/ui/BottomBar.tsx`** ΓÇö Added the `<ViewModeSwitcher />` positioned at `bottom: 40, left: 60` (to the right of GlobalControls, above the status strip). 95.8,Review complete. Written to `scripts/reports/20260323-105320-review.md`.  **Verdict: PASS**  Key findings: - All 6 success criteria met - TypeScript compiles clean (no new errors) - Correctly uses existing `hideAllBuildings`/`restoreBuildings` from engine.ts - Syncs with keyboard shortcuts via `morphComplete` event listener - Follows codebase patterns (inline styles, dark theme, viewer polling) - 3 minor nits noted (none blocking): `as any` morph call, CSS transitions vs spring physics convention, minor border style overlap 153.8,0,2,153
20260323-110343,view-switcher-icons,"Redesign the ViewModeSwitcher component (src/ui/ViewModeSwitcher.tsx) to use icon buttons instead of text labels. Use inline SVG icons: for 3D use a globe/sphere icon, for 2D use a flat map/rectangle icon, for 2.5D use a tilted plane/perspective icon. Make them actual styled buttons matching the GlobalControls button style (the ControlBtn pattern with 38x38px, rounded corners, frosted glass background, hover effects). Stack them vertically like GlobalControls does, or keep them horizontal but make each button visually distinct with the icon above and a small label below. The active mode button should have the accent highlight color. Keep the morphComplete sync and building hide/restore logic unchanged.",PASS,Plan saved to `/workspace/PLAN.md`. Here's the summary:  **Key decisions:** - **Reuse `ControlBtn`** from `GlobalControls.tsx` rather than duplicating the 38x38 frosted glass button pattern ΓÇö it's already exported - **Horizontal layout** with `gap: 4px` (3 buttons in a row), keeping them next to GlobalControls as they are now - **3 inline SVG icons**: GlobeIcon (3D), MapIcon (2D), PerspectiveIcon (2.5D) ΓÇö stroke-based, 14px, matching the existing icon conventions - **All behavioral logic untouched** ΓÇö morphComplete sync, building hide/restore, viewer polling  **Files to change:** Only `ViewModeSwitcher.tsx` (main work) and possibly a small `left` positioning tweak in `BottomBar.tsx`.  **Complexity: Low** ΓÇö it's a markup/styling swap on one component, reusing existing patterns. 157.9,Done. Here's what changed:  **`src/ui/ViewModeSwitcher.tsx`** ΓÇö Redesigned from a compact horizontal toggle bar to three individual ControlBtn-style icon buttons: - Added 3 inline SVG icons: `GlobeIcon` (3D ΓÇö circle with meridians/latitude lines), `MapIcon` (2D ΓÇö flat rectangle with grid lines), `PerspectiveIcon` (2.5D ΓÇö tilted trapezoid with perspective) - Imported and reused `ControlBtn` from `GlobalControls.tsx` for consistent 38├ù38px frosted glass styling - Active mode gets the accent highlight color on both icon and label - Buttons arranged horizontally with `gap: 4` matching GlobalControls groupStyle - All behavioral logic (morphComplete sync, building hide/restore, viewer polling) preserved unchanged 78.6,**Review complete. Verdict: PASS**  The implementation is clean and well-done:  - **Reuses `ControlBtn`** from GlobalControls rather than duplicating the button pattern ΓÇö good code reuse - **Three distinct SVG icons**: globe (3D), flat map (2D), tilted perspective plane (2.5D) ΓÇö clearly distinguishable - **Active mode highlighting** with accent color works correctly - **morphComplete sync** and **building hide/restore logic** preserved unchanged - **TypeScript compiles** ΓÇö no new errors introduced - **Matches dark UI theme** via the existing frosted glass button style  Two minor notes in the report (stale closure in the ready check, and string typing on morph param) but neither is a functional bug. Report written to `scripts/reports/20260323-110343-review.md`. 106.5,0,1,96
20260323-112705,tron-mode,"Build a Tron Mode theme extension at src/extensions/tron-mode/index.ts. This is a visual theme that transforms the globe into an NVIDIA-inspired cyberpunk aesthetic with glowing green lines on a dark background. Implementation: 1) Create the extension as kind='theme' with activate/deactivate. 2) On activate: switch to 'blank-black' base map, enable Cesium PostProcessStageLibrary bloom (scene.postProcessStages.bloom.enabled=true, set glowOnly=false, contrast=128, brightness=-0.2, delta=1.0, sigma=2.0, stepSize=1.0), add a custom edge-detection post-process stage with green color, set globe.material to an ElevationContour material with green color (Cesium.Color.fromCssColorString('#76B900') which is NVIDIA green), set contour spacing to 500m, enable globe.showWaterEffect=false, set atmosphere hue/saturation for green tint, make all existing GeoJSON layer stroke colors green (#76B900). 3) On deactivate: remove all post-process stages added, reset globe.material to null, restore base map to 'default', restore atmosphere. 4) Register commands: tron:enable and tron:disable. 5) Add to extension catalog with tags: theme, visual, nvidia, cyberpunk, neon. The NVIDIA brand green is #76B900. Use it as the primary accent. Secondary glow can be slightly brighter #8ACE00.",PASS,188.1,223.1,125.1,0,1,213
20260323-130522,graticule-grid,"Add a lat/lon graticule grid overlay. Create a new extension at src/extensions/graticule/index.ts with kind='capability'. On activate, create a Cesium GridImageryProvider or use Cesium.GridMaterialProperty to draw thin latitude/longitude lines every 10 degrees on the globe surface. Lines should be subtle (rgba(255,255,255,0.15) or similar) and not interfere with other layers. Register commands graticule:show and graticule:hide. The grid should be added as an imagery layer so it respects the layer ordering system. If GridImageryProvider is not available, create a custom UrlTemplateImageryProvider that generates grid tile images via canvas, or use the Cesium Grid material on the globe.",PASS,94.1,72.2,116.8,0,1,78
20260323-130553,glow-controls,"Add atmosphere glow control commands. In src/ai/core-commands.ts add a command core:set-glow with params: color (string, optional, CSS color like '#76B900' or 'cyan'), intensity (number 0-1, optional), and thickness (number 0-1, optional). The command controls the atmospheric glow ring around the globe edge by setting viewer.scene.atmosphere.hueShift (map the color hue to Cesium's -0.5 to 0.5 range), saturationShift (from intensity), and brightnessShift (from thickness). Also expose viewer.scene.skyAtmosphere.hueShift/saturationShift/brightnessShift for the sky portion. Add a second command core:reset-glow that restores all atmosphere values to Cesium defaults (all shifts = 0). Follow existing command patterns.",PASS,81.6,108.3,141.9,0,1,100
20260323-130521,wireframe-mode,"Add a wireframe globe mode to the Tron Mode extension (src/extensions/tron-mode/index.ts). When Tron mode activates, make all GeoJSON boundary/coastline layers render as outline-only with no fill. Set polygon fill to transparent (Cesium.Color.TRANSPARENT) while keeping stroke visible. Also add a separate standalone command core:wireframe in src/ai/core-commands.ts that toggles wireframe mode independently: it sets all GeoJSON polygon fills to transparent and all polyline/polygon outlines to a specified color (default white). The command takes an optional color param. This gives a clean outline-only look for any base map, not just Tron mode.",PASS_WITH_NOTES,102.8,147.2,161.9,0,4,81
20260323-130552,presentation-mode,"Add a screenshot/presentation mode. Create a new command core:presentation-mode in src/ai/core-commands.ts that hides all UI chrome (sidebar, toolbar, app dock, chat panel, status strip, bottom bar, global controls) leaving only the bare globe visible. Pressing Escape or running the command again restores the UI. Implementation: toggle a CSS class on the root app container that sets display:none on all UI overlay elements. Store the state in a module-level boolean. Also add a keyboard shortcut: pressing F11 or P (with no modifiers, not in text input) toggles presentation mode. Add the key handler in CesiumViewer.tsx setupKeyboard().",PASS,157.6,121.7,143.1,0,4,79
